"Nome";"Idade"
"Adriana Drumond";"20 anos"
"Adriana Nunes";"29 anos"
"Adriana Oliveira";"34 anos"
"Adriana Rocha";"24 anos"
"Adriana Silva";"49 anos"
"Agatha Castro";"47 anos"
"Agatha Cunha";"26 anos"
"Agatha Luz";"32 anos"
"Alana Aragao";"28 anos"
"Alana Araujo";"35 anos"
"Alana Cunha";"47 anos"
"Alana Jesus";"26 anos"
"Alana Martins";"24 anos"
"Alessandra Moraes";"34 anos"
"Alessandra Nunes";"34 anos"
"Alessandra Real";"21 anos"
"Alexandre Martins";"22 anos"
"Alexandre Ribeiro";"23 anos"
"Alexandre Silva";"29 anos"
"Alice Mata";"33 anos"
"Alicia Assuncao";"18 anos"
"Alicia Figueiredo";"24 anos"
"Alicia Sales";"18 anos"
"Aline Fernandes";"22 anos"
"Aline Neves";"28 anos"
"Aline Pinto";"22 anos"
"Allana Peixoto";"33 anos"
"Allana Pires";"29 anos"
"Amanda Assuncao";"47 anos"
"Amanda Brito";"18 anos"
"Amanda Costa";"20 anos"
"Amanda Farias";"43 anos"
"Amanda Fogaca";"28 anos"
"Amanda Paz";"23 anos"
"Ana Castro";"25 anos"
"Ana Cunha";"39 anos"
"Ana Freitas";"47 anos"
"Ana Rezende";"33 anos"
"Analu Nunes";"43 anos"
"Anderson Castro";"18 anos"
"Anderson Costa";"18 anos"
"Anderson Costa";"33 anos"
"Anderson Teixeira";"20 anos"
"Andre Fernandes";"43 anos"
"Andrea Almeida";"48 anos"
"Andrea Dias";"48 anos"
"Andrea Drumond";"47 anos"
"Andrea Lima";"18 anos"
"Andrea Rocha";"18 anos"
"Andrea Silva";"42 anos"
"Andreia Almada";"20 anos"
"Andreia Almeida";"42 anos"
"Andreia Cardoso";"18 anos"
"Andreia Mata";"29 anos"
"Andreia Ramos";"26 anos"
"Andreia Silveira";"47 anos"
"Anthony Aparicio";"44 anos"
"Anthony Souza";"35 anos"
"Antonella Lopes";"34 anos"
"Antonella Martins";"21 anos"
"Antonella Mata";"34 anos"
"Antonella Rezende";"20 anos"
"Antonia Neves";"18 anos"
"Antonia Ribeiro";"24 anos"
"Antonio Ferreira";"48 anos"
"Antonio Lima";"21 anos"
"Antonio Moura";"33 anos"
"Antonio Rocha";"18 anos"
"Aparecida Drumond";"42 anos"
"Arthur Costa";"32 anos"
"Arthur Peixoto";"32 anos"
"Augusto Duarte";"29 anos"
"Augusto Fernandes";"24 anos"
"Augusto Martins";"43 anos"
"Augusto Melo";"22 anos"
"Augusto Santos";"21 anos"
"Augusto Santos";"34 anos"
"Augusto Silveira";"43 anos"
"Aurora Aparicio";"47 anos"
"Aurora Cunha";"34 anos"
"Aurora Fogaca";"47 anos"
"Aurora Luz";"42 anos"
"Ayla Melo";"44 anos"
"Ayla Paula";"32 anos"
"Ayla Pereira";"22 anos"
"Ayla Rodrigues";"24 anos"
"Ayla Rosa";"32 anos"
"Ayla Teixeira";"28 anos"
"Barbara Almada";"47 anos"
"Barbara Cavalcanti";"24 anos"
"Barbara Peixoto";"28 anos"
"Barbara Ribeiro";"28 anos"
"Barbara Souza";"21 anos"
"Beatriz Farias";"21 anos"
"Beatriz Novaes";"24 anos"
"Beatriz Santos";"22 anos"
"Beatriz Viana";"42 anos"
"Benedita Castro";"33 anos"
"Benedita Nunes";"18 anos"
"Benedita Real";"33 anos"
"Benedita Sales";"42 anos"
"Benedita Santos";"18 anos"
"Benedita Teixeira";"32 anos"
"Benedito Assuncao";"18 anos"
"Benedito Mata";"39 anos"
"Benicio Melo";"26 anos"
"Benicio Rocha";"32 anos"
"Benicio Vieira";"21 anos"
"Benjamin Rosa";"24 anos"
"Bento Jesus";"43 anos"
"Bento Martins";"48 anos"
"Bento Mendes";"22 anos"
"Bento Porto";"26 anos"
"Bento Silva";"29 anos"
"Bernardo Aparicio";"26 anos"
"Bernardo Cruz";"33 anos"
"Bernardo Dias";"20 anos"
"Bernardo Fernandes";"42 anos"
"Bernardo Gomes";"49 anos"
"Bernardo Silva";"34 anos"
"Betina Melo";"18 anos"
"Betina Peixoto";"42 anos"
"Betina Rocha";"21 anos"
"Bianca Rocha";"42 anos"
"Brenda Caldeira";"32 anos"
"Brenda Ribeiro";"47 anos"
"Breno Almada";"22 anos"
"Breno Barros";"47 anos"
"Breno Costa";"34 anos"
"Breno Galvao";"34 anos"
"Breno Moraes";"32 anos"
"Breno Pereira";"47 anos"
"Bruna Alves";"47 anos"
"Bruna Campos";"34 anos"
"Bruna Farias";"24 anos"
"Bruna Martins";"21 anos"
"Bruna Moura";"18 anos"
"Bruna Pinto";"47 anos"
"Bruna Rocha";"23 anos"
"Bruno Almada";"43 anos"
"Bruno Assis";"18 anos"
"Bryan Cruz";"21 anos"
"Bryan Galvao";"20 anos"
"Bryan Monteiro";"33 anos"
"Bryan Rezende";"26 anos"
"Bryan Rocha";"33 anos"
"Bryan Silva";"26 anos"
"Bryan Silva";"18 anos"
"Caio Barros";"47 anos"
"Caio Cardoso";"39 anos"
"Caio Novaes";"32 anos"
"Caio Rosa";"21 anos"
"Caio Silva";"21 anos"
"Caleb Bernardes";"18 anos"
"Caleb Farias";"48 anos"
"Caleb Ferreira";"39 anos"
"Caleb Freitas";"47 anos"
"Caleb Lima";"20 anos"
"Caleb Lima";"42 anos"
"Caleb Martins";"18 anos"
"Caleb Neves";"22 anos"
"Caleb Rocha";"24 anos"
"Caleb Rodrigues";"34 anos"
"Caleb Silva";"33 anos"
"Calebe Oliveira";"20 anos"
"Calebe Paz";"47 anos"
"Calebe Rocha";"28 anos"
"Calebe Rocha";"32 anos"
"Calebe Vieira";"20 anos"
"Camila Barros";"47 anos"
"Camila Figueiredo";"32 anos"
"Camila Moreira";"20 anos"
"Camila Novaes";"20 anos"
"Carla Alves";"33 anos"
"Carla Cavalcanti";"32 anos"
"Carla Jesus";"32 anos"
"Carla Nascimento";"33 anos"
"Carla Rodrigues";"32 anos"
"Carlos Alves";"33 anos"
"Carlos Aparicio";"47 anos"
"Carlos Aparicio";"39 anos"
"Carlos Aragao";"44 anos"
"Carlos Barros";"44 anos"
"Carlos Fernandes";"18 anos"
"Carlos Gomes";"26 anos"
"Carlos Jesus";"34 anos"
"Carlos Lima";"21 anos"
"Carlos Moreira";"28 anos"
"Carlos Mota";"26 anos"
"Carlos Nogueira";"22 anos"
"Carlos Novaes";"20 anos"
"Carlos Rezende";"22 anos"
"Carolina Aragao";"20 anos"
"Carolina Baptista";"34 anos"
"Carolina Barbosa";"22 anos"
"Carolina Moreira";"21 anos"
"Carolina Pinto";"33 anos"
"Carolina Pires";"32 anos"
"Carolina Pires";"32 anos"
"Carolina Real";"34 anos"
"Carolina Rocha";"21 anos"
"Carolina Rosa";"21 anos"
"Carolina Souza";"32 anos"
"Caroline Ribeiro";"47 anos"
"Caroline Silva";"32 anos"
"Catarina Dias";"22 anos"
"Catarina Pires";"34 anos"
"Caua Aragao";"32 anos"
"Caua Castro";"32 anos"
"Caua Cruz";"18 anos"
"Caua Cruz";"21 anos"
"Caua Lima";"32 anos"
"Caua Monteiro";"39 anos"
"Caua Moraes";"18 anos"
"Caua Moura";"42 anos"
"Caua Oliveira";"18 anos"
"Caue Bernardes";"33 anos"
"Caue Cavalcanti";"33 anos"
"Caue Fernandes";"23 anos"
"Caue Moura";"18 anos"
"Cecilia Costa";"42 anos"
"Cecilia Gomes";"44 anos"
"Cecilia Souza";"20 anos"
"Cesar Campos";"42 anos"
"Clara Campos";"18 anos"
"Clara Costa";"34 anos"
"Clara Nascimento";"22 anos"
"Clarice Araujo";"39 anos"
"Clarice Bernardes";"35 anos"
"Clarice Brito";"18 anos"
"Clarice Costa";"47 anos"
"Clarice Ribeiro";"18 anos"
"Clarice Sales";"23 anos"
"Claudia Almeida";"32 anos"
"Claudia Gomes";"22 anos"
"Claudio Duarte";"32 anos"
"Claudio Rezende";"23 anos"
"Cristiane Alves";"34 anos"
"Cristiane Campos";"22 anos"
"Daiane Cardoso";"39 anos"
"Daiane Duarte";"42 anos"
"Daiane Nogueira";"47 anos"
"Daiane Pereira";"48 anos"
"Daniel Alves";"47 anos"
"Daniel Carvalho";"42 anos"
"Daniel Moura";"32 anos"
"Daniel Ramos";"28 anos"
"Daniela Barbosa";"47 anos"
"Daniela Lopes";"28 anos"
"Daniela Moreira";"26 anos"
"Danilo Costa";"44 anos"
"Danilo Duarte";"32 anos"
"Danilo Oliveira";"29 anos"
"Davi Barros";"33 anos"
"Davi Cunha";"24 anos"
"Davi Fogaca";"20 anos"
"Davi Moreira";"42 anos"
"Davi Sales";"33 anos"
"Debora Goncalves";"20 anos"
"Debora Melo";"47 anos"
"Debora Santos";"18 anos"
"Debora Silva";"47 anos"
"Diego Cavalcanti";"26 anos"
"Diego Freitas";"47 anos"
"Diego Moreira";"44 anos"
"Diego Nunes";"47 anos"
"Diego Ribeiro";"33 anos"
"Diogo Duarte";"18 anos"
"Diogo Gomes";"18 anos"
"Diogo Gomes";"35 anos"
"Diogo Jesus";"32 anos"
"Edson Brito";"28 anos"
"Edson Ribeiro";"47 anos"
"Edson Santos";"34 anos"
"Eduarda Almada";"18 anos"
"Eduarda Oliveira";"43 anos"
"Eduarda Silva";"24 anos"
"Eduardo Barbosa";"49 anos"
"Eduardo Bernardes";"47 anos"
"Eduardo Costa";"44 anos"
"Eduardo Figueiredo";"43 anos"
"Eduardo Rodrigues";"32 anos"
"Elaine Assis";"28 anos"
"Elaine Ramos";"34 anos"
"Elaine Rocha";"22 anos"
"Elaine Vieira";"33 anos"
"Eliane Aragao";"35 anos"
"Eliane Galvao";"21 anos"
"Eliane Jesus";"33 anos"
"Elias Figueiredo";"18 anos"
"Elias Freitas";"32 anos"
"Elias Jesus";"33 anos"
"Elias Oliveira";"20 anos"
"Elisa Duarte";"32 anos"
"Elisa Mendes";"20 anos"
"Eloa Assis";"47 anos"
"Eloa Brito";"33 anos"
"Eloa Cardoso";"23 anos"
"Eloa Nunes";"32 anos"
"Eloa Sales";"39 anos"
"Emanuel Alves";"32 anos"
"Emanuel Luz";"39 anos"
"Emanuel Paula";"47 anos"
"Emanuel Vieira";"43 anos"
"Emanuelly Assis";"34 anos"
"Emanuelly Cardoso";"18 anos"
"Emanuelly Costa";"22 anos"
"Emanuelly Melo";"44 anos"
"Emily Almada";"49 anos"
"Emily Lima";"23 anos"
"Emily Moraes";"47 anos"
"Emily Moura";"47 anos"
"Emily Oliveira";"32 anos"
"Enrico Assuncao";"43 anos"
"Enrico Ferreira";"34 anos"
"Enrico Nascimento";"32 anos"
"Enrico Sales";"29 anos"
"Enzo Barros";"32 anos"
"Enzo Barros";"28 anos"
"Enzo Jesus";"28 anos"
"Enzo Lima";"34 anos"
"Enzo Paula";"22 anos"
"Erick Almeida";"22 anos"
"Erick Cardoso";"33 anos"
"Erick Galvao";"39 anos"
"Erick Ramos";"32 anos"
"Erick Silva";"32 anos"
"Ester Cruz";"32 anos"
"Ester Dias";"18 anos"
"Ester Figueiredo";"47 anos"
"Ester Figueiredo";"47 anos"
"Esther Barbosa";"34 anos"
"Esther Fogaca";"48 anos"
"Esther Moraes";"49 anos"
"Esther Mota";"48 anos"
"Esther Novaes";"34 anos"
"Esther Santos";"23 anos"
"Fabiana Neves";"20 anos"
"Fabiana Rocha";"34 anos"
"Fabio Assuncao";"47 anos"
"Fabio Carvalho";"39 anos"
"Fabio Drumond";"22 anos"
"Fatima Martins";"32 anos"
"Fatima Silveira";"32 anos"
"Felipe Lima";"42 anos"
"Felipe Monteiro";"33 anos"
"Felipe Rocha";"32 anos"
"Fernanda Costa";"33 anos"
"Fernanda Paz";"42 anos"
"Fernanda Rezende";"33 anos"
"Fernando Almada";"32 anos"
"Fernando Bernardes";"42 anos"
"Fernando Duarte";"20 anos"
"Fernando Melo";"33 anos"
"Fernando Moreira";"32 anos"
"Fernando Novaes";"28 anos"
"Filipe Aragao";"32 anos"
"Filipe Brito";"35 anos"
"Filipe Figueiredo";"47 anos"
"Flavia Alves";"48 anos"
"Flavia Cardoso";"47 anos"
"Flavia Costa";"44 anos"
"Francisca Conceicao";"32 anos"
"Francisca Cunha";"33 anos"
"Francisca Viana";"32 anos"
"Gabriel Lopes";"22 anos"
"Gabriel Luz";"22 anos"
"Gabriel Mendes";"32 anos"
"Gabriel Pereira";"44 anos"
"Gabriel Viana";"22 anos"
"Gabriela Cunha";"23 anos"
"Gabriela Ferreira";"20 anos"
"Gabrielly Araujo";"22 anos"
"Gabrielly Baptista";"18 anos"
"Gabrielly Figueiredo";"32 anos"
"Gabrielly Melo";"23 anos"
"Gabrielly Silva";"47 anos"
"Gael Carvalho";"49 anos"
"Gael Freitas";"42 anos"
"Gael Jesus";"32 anos"
"Gael Martins";"43 anos"
"Gael Rodrigues";"47 anos"
"Geraldo Bernardes";"32 anos"
"Geraldo Gomes";"39 anos"
"Geraldo Moreira";"43 anos"
"Geraldo Mota";"26 anos"
"Geraldo Ribeiro";"34 anos"
"Geraldo Silveira";"32 anos"
"Giovana Almeida";"47 anos"
"Giovana Cavalcanti";"20 anos"
"Giovana Jesus";"20 anos"
"Giovana Oliveira";"24 anos"
"Giovanna Baptista";"39 anos"
"Giovanna Costa";"26 anos"
"Giovanna Dias";"48 anos"
"Giovanna Figueiredo";"44 anos"
"Giovanna Luz";"43 anos"
"Giovanna Santos";"20 anos"
"Giovanna Teixeira";"18 anos"
"Giovanni Cunha";"32 anos"
"Giovanni Rocha";"22 anos"
"Giovanni Rodrigues";"35 anos"
"Guilherme Almeida";"47 anos"
"Guilherme Assuncao";"18 anos"
"Guilherme Cardoso";"20 anos"
"Guilherme Gomes";"33 anos"
"Guilherme Goncalves";"20 anos"
"Guilherme Monteiro";"35 anos"
"Guilherme Oliveira";"22 anos"
"Guilherme Santos";"47 anos"
"Gustavo Carvalho";"47 anos"
"Gustavo Costa";"29 anos"
"Gustavo Oliveira";"44 anos"
"Gustavo Paz";"33 anos"
"Hadassa Moraes";"44 anos"
"Hadassa Nascimento";"20 anos"
"Hadassa Nunes";"26 anos"
"Heitor Lopes";"43 anos"
"Heitor Melo";"34 anos"
"Heitor Nogueira";"47 anos"
"Heitor Ramos";"21 anos"
"Helena Assis";"47 anos"
"Helena Caldeira";"48 anos"
"Helena Jesus";"47 anos"
"Helena Pires";"23 anos"
"Helena Ribeiro";"18 anos"
"Helena Vieira";"47 anos"
"Heloisa Jesus";"28 anos"
"Heloisa Luz";"42 anos"
"Heloisa Mendes";"18 anos"
"Heloisa Porto";"24 anos"
"Heloisa Sales";"20 anos"
"Heloise Luz";"24 anos"
"Heloise Moraes";"18 anos"
"Heloise Real";"33 anos"
"Heloise Rezende";"35 anos"
"Henrique Araujo";"22 anos"
"Henrique Baptista";"29 anos"
"Henrique Mota";"18 anos"
"Henrique Paz";"34 anos"
"Henrique Pinto";"20 anos"
"Henrique Rezende";"18 anos"
"Hugo Alves";"48 anos"
"Hugo Fogaca";"44 anos"
"Hugo Galvao";"32 anos"
"Hugo Pinto";"22 anos"
"Hugo Pires";"20 anos"
"Hugo Rezende";"18 anos"
"Iago Cavalcanti";"34 anos"
"Iago Lima";"21 anos"
"Iago Luz";"20 anos"
"Iago Pereira";"33 anos"
"Iago Pinto";"22 anos"
"Iago Pires";"18 anos"
"Ian Duarte";"20 anos"
"Ian Pinto";"22 anos"
"Ian Teixeira";"18 anos"
"Igor Alves";"22 anos"
"Igor Assuncao";"22 anos"
"Igor Campos";"21 anos"
"Igor Castro";"21 anos"
"Igor Costa";"35 anos"
"Igor Dias";"39 anos"
"Igor Galvao";"48 anos"
"Isaac Cruz";"20 anos"
"Isaac Real";"28 anos"
"Isabel Drumond";"28 anos"
"Isabel Mendes";"35 anos"
"Isabela Figueiredo";"20 anos"
"Isabella Barbosa";"20 anos"
"Isabella Pinto";"44 anos"
"Isabella Real";"18 anos"
"Isabella Real";"43 anos"
"Isabella Rosa";"32 anos"
"Isabelle Aparicio";"21 anos"
"Isabelle Costa";"47 anos"
"Isabelle Gomes";"23 anos"
"Isadora Rocha";"29 anos"
"Jaqueline Mata";"32 anos"
"Jaqueline Vieira";"39 anos"
"Jennifer Assuncao";"44 anos"
"Jennifer Carvalho";"34 anos"
"Jennifer Ramos";"42 anos"
"Jessica Aparicio";"47 anos"
"Jessica Campos";"35 anos"
"Jessica Rosa";"26 anos"
"Joao Barbosa";"29 anos"
"Joaquim Galvao";"32 anos"
"Joaquim Rocha";"21 anos"
"Joaquim Santos";"26 anos"
"Jorge Alves";"18 anos"
"Jorge Campos";"29 anos"
"Jorge Conceicao";"20 anos"
"Jorge Ferreira";"48 anos"
"Jorge Galvao";"35 anos"
"Jorge Paula";"24 anos"
"Jorge Pereira";"47 anos"
"Jose Assuncao";"20 anos"
"Jose Baptista";"42 anos"
"Jose Drumond";"32 anos"
"Jose Gomes";"42 anos"
"Jose Luz";"47 anos"
"Jose Paula";"47 anos"
"Jose Rodrigues";"33 anos"
"Jose Silva";"32 anos"
"Josefa Cavalcanti";"48 anos"
"Josefa Santos";"18 anos"
"Juan Drumond";"21 anos"
"Juan Moreira";"21 anos"
"Juan Porto";"29 anos"
"Juan Rodrigues";"32 anos"
"Juan Silva";"18 anos"
"Julia Aragao";"39 anos"
"Julia Assuncao";"47 anos"
"Julia Bernardes";"29 anos"
"Julia Caldeira";"33 anos"
"Julia Castro";"33 anos"
"Julia Costa";"47 anos"
"Julia Ferreira";"35 anos"
"Juliana Araujo";"47 anos"
"Juliana Castro";"18 anos"
"Juliana Conceicao";"43 anos"
"Juliana Fernandes";"47 anos"
"Juliana Nogueira";"47 anos"
"Kaique Costa";"28 anos"
"Kaique Rocha";"18 anos"
"Kaique Silva";"32 anos"
"Kamilly Caldeira";"48 anos"
"Kamilly Costa";"18 anos"
"Kamilly Cunha";"32 anos"
"Kamilly Cunha";"44 anos"
"Kamilly Pires";"21 anos"
"Kaue Barbosa";"32 anos"
"Kaue Castro";"43 anos"
"Kaue Galvao";"47 anos"
"Kaue Rocha";"34 anos"
"Kevin Almeida";"47 anos"
"Kevin Baptista";"47 anos"
"Kevin Brito";"34 anos"
"Kevin Costa";"42 anos"
"Kevin Luz";"32 anos"
"Kevin Sales";"32 anos"
"Kevin Teixeira";"21 anos"
"Lais Barros";"33 anos"
"Lais Farias";"18 anos"
"Lais Monteiro";"20 anos"
"Lais Peixoto";"32 anos"
"Lais Rocha";"18 anos"
"Lara Bernardes";"34 anos"
"Lara Paula";"26 anos"
"Lara Ramos";"32 anos"
"Larissa Campos";"34 anos"
"Larissa Cunha";"48 anos"
"Larissa Pires";"39 anos"
"Larissa Vieira";"18 anos"
"Laura Peixoto";"48 anos"
"Lavinia Araujo";"20 anos"
"Lavinia Nunes";"42 anos"
"Leandro Dias";"22 anos"
"Leandro Rodrigues";"47 anos"
"Leandro Teixeira";"47 anos"
"Leonardo Araujo";"32 anos"
"Leonardo Viana";"43 anos"
"Leticia Caldeira";"34 anos"
"Leticia Cunha";"22 anos"
"Leticia Monteiro";"32 anos"
"Leticia Monteiro";"42 anos"
"Levi Araujo";"32 anos"
"Levi Costa";"43 anos"
"Levi Fernandes";"34 anos"
"Levi Jesus";"42 anos"
"Levi Neves";"42 anos"
"Livia Almada";"44 anos"
"Liz Aparicio";"47 anos"
"Liz Goncalves";"23 anos"
"Liz Neves";"18 anos"
"Liz Porto";"33 anos"
"Lorena Duarte";"32 anos"
"Lorena Mendes";"34 anos"
"Lorena Neves";"42 anos"
"Lorena Vieira";"21 anos"
"Lorenzo Baptista";"44 anos"
"Lorenzo Cunha";"29 anos"
"Lorenzo Viana";"44 anos"
"Louise Aragao";"35 anos"
"Louise Assuncao";"20 anos"
"Louise Assuncao";"43 anos"
"Louise Brito";"23 anos"
"Louise Moura";"47 anos"
"Louise Pires";"35 anos"
"Louise Rosa";"32 anos"
"Luan Assuncao";"47 anos"
"Luan Cardoso";"34 anos"
"Luan Jesus";"18 anos"
"Luan Paula";"33 anos"
"Luana Cavalcanti";"18 anos"
"Luana Conceicao";"35 anos"
"Luana Nunes";"20 anos"
"Luana Ramos";"20 anos"
"Lucas Farias";"39 anos"
"Lucas Farias";"29 anos"
"Lucas Novaes";"32 anos"
"Lucas Sales";"32 anos"
"Lucca Moraes";"22 anos"
"Lucca Moreira";"39 anos"
"Lucca Mota";"21 anos"
"Lucca Paula";"47 anos"
"Lucca Rezende";"42 anos"
"Lucia Dias";"39 anos"
"Lucia Oliveira";"24 anos"
"Luciana Brito";"22 anos"
"Luciana Ramos";"21 anos"
"Luis Almeida";"32 anos"
"Luis Dias";"43 anos"
"Luis Martins";"20 anos"
"Luis Rocha";"33 anos"
"Luis Rosa";"23 anos"
"Luis Silva";"23 anos"
"Luis Teixeira";"21 anos"
"Luiz Baptista";"23 anos"
"Luiz Brito";"35 anos"
"Luiz Fernandes";"22 anos"
"Luiz Novaes";"28 anos"
"Luiz Santos";"32 anos"
"Luna Bernardes";"42 anos"
"Luna Goncalves";"26 anos"
"Luna Paula";"21 anos"
"Luna Silveira";"47 anos"
"Luna Vieira";"32 anos"
"Luzia Cavalcanti";"32 anos"
"Luzia Cavalcanti";"48 anos"
"Luzia Duarte";"43 anos"
"Luzia Gomes";"47 anos"
"Maite Novaes";"33 anos"
"Maite Ribeiro";"26 anos"
"Maite Viana";"22 anos"
"Malu Assis";"39 anos"
"Malu Barbosa";"35 anos"
"Malu Peixoto";"44 anos"
"Malu Santos";"43 anos"
"Malu Silveira";"47 anos"
"Manoel Barros";"22 anos"
"Manoel Cavalcanti";"47 anos"
"Manoel Cruz";"43 anos"
"Manoel Galvao";"34 anos"
"Manoel Ramos";"28 anos"
"Manoel Rosa";"34 anos"
"Manuel Baptista";"47 anos"
"Manuel Fogaca";"32 anos"
"Manuel Lopes";"44 anos"
"Manuela Castro";"21 anos"
"Manuela Costa";"22 anos"
"Manuela Duarte";"42 anos"
"Manuela Luz";"23 anos"
"Manuela Paz";"21 anos"
"Marcela Campos";"18 anos"
"Marcela Drumond";"47 anos"
"Marcelo Freitas";"18 anos"
"Marcelo Pinto";"47 anos"
"Marcia Cruz";"23 anos"
"Marcia Farias";"32 anos"
"Marcia Freitas";"42 anos"
"Marcio Araujo";"29 anos"
"Marcio Fernandes";"24 anos"
"Marcio Nogueira";"49 anos"
"Marcio Rosa";"33 anos"
"Marcio Silveira";"20 anos"
"Marcos Farias";"20 anos"
"Marcos Lopes";"42 anos"
"Marcos Pereira";"35 anos"
"Marcos Pereira";"18 anos"
"Maria Costa";"21 anos"
"Maria Martins";"18 anos"
"Maria Martins";"21 anos"
"Maria Moraes";"18 anos"
"Maria Pereira";"18 anos"
"Maria Pinto";"34 anos"
"Mariah Almada";"24 anos"
"Mariah Baptista";"33 anos"
"Mariah Jesus";"34 anos"
"Mariah Paz";"34 anos"
"Mariah Pires";"32 anos"
"Mariah Santos";"22 anos"
"Mariah Souza";"33 anos"
"Mariana Moraes";"32 anos"
"Mariana Nogueira";"33 anos"
"Mariana Novaes";"32 anos"
"Mariane Fogaca";"28 anos"
"Mario Brito";"21 anos"
"Mario Caldeira";"47 anos"
"Mario Duarte";"42 anos"
"Mario Lopes";"22 anos"
"Mario Melo";"48 anos"
"Mario Nunes";"47 anos"
"Mario Silva";"44 anos"
"Mario Viana";"20 anos"
"Marlene Moreira";"29 anos"
"Marlene Silva";"32 anos"
"Marli Aragao";"47 anos"
"Marli Barbosa";"18 anos"
"Marli Castro";"28 anos"
"Marli Figueiredo";"34 anos"
"Marli Fogaca";"22 anos"
"Marli Moreira";"47 anos"
"Marli Paz";"34 anos"
"Martin Barbosa";"18 anos"
"Martin Goncalves";"21 anos"
"Mateus Brito";"28 anos"
"Mateus Cardoso";"47 anos"
"Mateus Real";"21 anos"
"Matheus Mata";"22 anos"
"Matheus Melo";"18 anos"
"Matheus Rezende";"43 anos"
"Melissa Melo";"21 anos"
"Melissa Moura";"18 anos"
"Miguel Campos";"35 anos"
"Miguel Conceicao";"23 anos"
"Milena Nogueira";"32 anos"
"Milena Rodrigues";"42 anos"
"Mirella Almada";"47 anos"
"Mirella Almeida";"26 anos"
"Mirella Cardoso";"22 anos"
"Mirella Carvalho";"47 anos"
"Mirella Jesus";"32 anos"
"Mirella Mendes";"49 anos"
"Mirella Neves";"47 anos"
"Murilo Cunha";"42 anos"
"Murilo Drumond";"21 anos"
"Murilo Fogaca";"29 anos"
"Murilo Nogueira";"47 anos"
"Murilo Rezende";"48 anos"
"Murilo Rodrigues";"18 anos"
"Murilo Silveira";"24 anos"
"Murilo Teixeira";"18 anos"
"Nair Teixeira";"48 anos"
"Natalia Conceicao";"18 anos"
"Natalia Costa";"32 anos"
"Natalia Moraes";"32 anos"
"Natalia Real";"28 anos"
"Nathan Aragao";"32 anos"
"Nathan Fogaca";"47 anos"
"Nathan Freitas";"21 anos"
"Nathan Mota";"23 anos"
"Nelson Barbosa";"47 anos"
"Nelson Pereira";"48 anos"
"Nelson Rosa";"21 anos"
"Nicolas Baptista";"21 anos"
"Nicolas Cunha";"32 anos"
"Nicolas Mendes";"34 anos"
"Nicole Carvalho";"48 anos"
"Nicole Cavalcanti";"33 anos"
"Nicole Lima";"44 anos"
"Nicole Luz";"32 anos"
"Nicole Melo";"33 anos"
"Nicole Moura";"42 anos"
"Nicole Peixoto";"33 anos"
"Nicole Real";"32 anos"
"Nina Peixoto";"32 anos"
"Nina Rodrigues";"39 anos"
"Noah Peixoto";"47 anos"
"Noah Rodrigues";"47 anos"
"Oliver Barbosa";"18 anos"
"Oliver Costa";"33 anos"
"Olivia Farias";"21 anos"
"Olivia Monteiro";"47 anos"
"Olivia Moraes";"39 anos"
"Olivia Mota";"22 anos"
"Olivia Porto";"22 anos"
"Olivia Ribeiro";"21 anos"
"Olivia Souza";"47 anos"
"Osvaldo Figueiredo";"32 anos"
"Otavio Caldeira";"47 anos"
"Otavio Cardoso";"47 anos"
"Otavio Luz";"47 anos"
"Otavio Rocha";"21 anos"
"Otavio Silveira";"42 anos"
"Otavio Teixeira";"32 anos"
"Patricia Baptista";"18 anos"
"Patricia Brito";"32 anos"
"Paulo Duarte";"23 anos"
"Paulo Oliveira";"32 anos"
"Paulo Pires";"47 anos"
"Paulo Santos";"21 anos"
"Pedro Almada";"18 anos"
"Pedro Cruz";"32 anos"
"Pedro Freitas";"47 anos"
"Pedro Monteiro";"42 anos"
"Pedro Neves";"18 anos"
"Pedro Nogueira";"35 anos"
"Pedro Pires";"47 anos"
"Pedro Rezende";"28 anos"
"Pedro Sales";"33 anos"
"Pietra Viana";"28 anos"
"Pietro Costa";"35 anos"
"Pietro Farias";"47 anos"
"Pietro Gomes";"18 anos"
"Pietro Nascimento";"44 anos"
"Pietro Silveira";"34 anos"
"Priscila Barbosa";"47 anos"
"Priscila Mata";"34 anos"
"Priscila Paula";"29 anos"
"Rafael Cardoso";"47 anos"
"Rafael Fogaca";"29 anos"
"Rafael Pires";"23 anos"
"Rafaela Rocha";"35 anos"
"Raimunda Farias";"39 anos"
"Raimunda Monteiro";"32 anos"
"Raimunda Mota";"34 anos"
"Raimundo Alves";"20 anos"
"Raimundo Barros";"21 anos"
"Raimundo Fernandes";"48 anos"
"Raimundo Jesus";"32 anos"
"Raimundo Mendes";"23 anos"
"Raimundo Monteiro";"26 anos"
"Raimundo Novaes";"32 anos"
"Raquel Real";"18 anos"
"Raul Silva";"18 anos"
"Raul Viana";"47 anos"
"Rayssa Galvao";"42 anos"
"Rayssa Pinto";"32 anos"
"Rayssa Porto";"20 anos"
"Regina Costa";"32 anos"
"Regina Duarte";"21 anos"
"Regina Mota";"33 anos"
"Regina Peixoto";"47 anos"
"Reinier Monteiro";"25 anos"
"Renan Mata";"34 anos"
"Renata Drumond";"42 anos"
"Renata Farias";"48 anos"
"Renata Galvao";"23 anos"
"Renato Aragao";"22 anos"
"Renato Assis";"47 anos"
"Renato Conceicao";"18 anos"
"Renato Nunes";"33 anos"
"Renato Ribeiro";"33 anos"
"Renato Sales";"26 anos"
"Ricardo Ramos";"32 anos"
"Rita Brito";"32 anos"
"Rita Conceicao";"42 anos"
"Rita Fernandes";"21 anos"
"Rita Mota";"35 anos"
"Rita Paula";"42 anos"
"Roberto Alves";"42 anos"
"Roberto Rodrigues";"47 anos"
"Roberto Silva";"22 anos"
"Rodrigo Carvalho";"20 anos"
"Rodrigo Mata";"22 anos"
"Rodrigo Moura";"34 anos"
"Rodrigo Nogueira";"33 anos"
"Rodrigo Rezende";"21 anos"
"Rosa Fogaca";"42 anos"
"Rosa Lima";"22 anos"
"Rosangela Assis";"18 anos"
"Rosangela Carvalho";"39 anos"
"Ruan Baptista";"32 anos"
"Ruan Figueiredo";"29 anos"
"Ruan Rocha";"22 anos"
"Ryan Rezende";"34 anos"
"Ryan Santos";"32 anos"
"Ryan Teixeira";"21 anos"
"Sabrina Moura";"28 anos"
"Sabrina Nascimento";"39 anos"
"Sabrina Souza";"18 anos"
"Samuel Almeida";"26 anos"
"Samuel Cardoso";"18 anos"
"Samuel Figueiredo";"35 anos"
"Samuel Pereira";"18 anos"
"Sandra Galvao";"32 anos"
"Sandra Moura";"20 anos"
"Sara Almeida";"42 anos"
"Sara Neves";"34 anos"
"Sara Paz";"34 anos"
"Sara Santos";"35 anos"
"Sarah Silva";"20 anos"
"Sarah Silveira";"39 anos"
"Sebastiana Farias";"32 anos"
"Sebastiana Jesus";"42 anos"
"Sebastiana Mendes";"42 anos"
"Sebastiana Rezende";"23 anos"
"Sebastiao Cavalcanti";"22 anos"
"Sebastiao Costa";"47 anos"
"Sebastiao Goncalves";"26 anos"
"Sebastiao Lopes";"21 anos"
"Sebastiao Nogueira";"26 anos"
"Sebastiao Santos";"47 anos"
"Sergio Bernardes";"26 anos"
"Sergio Sales";"35 anos"
"Severino Mata";"28 anos"
"Severino Mendes";"42 anos"
"Severino Ramos";"47 anos"
"Silvana Baptista";"24 anos"
"Silvana Cavalcanti";"33 anos"
"Silvana Drumond";"20 anos"
"Silvana Nogueira";"34 anos"
"Silvana Silveira";"18 anos"
"Silvana Vieira";"43 anos"
"Simone Assuncao";"22 anos"
"Simone Conceicao";"43 anos"
"Simone Figueiredo";"47 anos"
"Sonia Fogaca";"47 anos"
"Sonia Luz";"29 anos"
"Sonia Monteiro";"49 anos"
"Sonia Real";"24 anos"
"Sonia Rocha";"29 anos"
"Sophia Bernardes";"21 anos"
"Sophia Caldeira";"33 anos"
"Sophia Mendes";"34 anos"
"Sophia Pinto";"43 anos"
"Sophia Pires";"29 anos"
"Sophia Vieira";"20 anos"
"Sophie Martins";"43 anos"
"Sophie Paula";"47 anos"
"Sophie Rosa";"44 anos"
"Sophie Silveira";"42 anos"
"Sophie Viana";"44 anos"
"Stefany Almeida";"22 anos"
"Stefany Porto";"32 anos"
"Stefany Silva";"32 anos"
"Stella Almada";"24 anos"
"Stella Baptista";"48 anos"
"Stella Campos";"32 anos"
"Stella Fernandes";"20 anos"
"Sueli Goncalves";"34 anos"
"Sueli Martins";"42 anos"
"Sueli Paz";"42 anos"
"Sueli Silveira";"18 anos"
"Tatiane Cavalcanti";"18 anos"
"Tatiane Lopes";"21 anos"
"Tatiane Novaes";"39 anos"
"Tatiane Silva";"47 anos"
"Teresinha Araujo";"23 anos"
"Teresinha Costa";"48 anos"
"Teresinha Dias";"24 anos"
"Teresinha Galvao";"42 anos"
"Teresinha Mendes";"32 anos"
"Teresinha Monteiro";"33 anos"
"Tereza Cavalcanti";"21 anos"
"Tereza Farias";"18 anos"
"Tereza Pinto";"47 anos"
"Tereza Rezende";"21 anos"
"Tereza Souza";"34 anos"
"Thales Farias";"47 anos"
"Thales Galvao";"18 anos"
"Thales Novaes";"33 anos"
"Theo Gomes";"22 anos"
"Theo Moreira";"47 anos"
"Thiago Assis";"20 anos"
"Thiago Galvao";"32 anos"
"Thiago Jesus";"29 anos"
"Thiago Moura";"47 anos"
"Thiago Silva";"47 anos"
"Thomas Almada";"32 anos"
"Thomas Costa";"35 anos"
"Thomas Cunha";"47 anos"
"Thomas Fogaca";"26 anos"
"Thomas Vieira";"49 anos"
"Tiago Araujo";"24 anos"
"Tiago Farias";"24 anos"
"Tomas Luz";"20 anos"
"Tomas Mendes";"26 anos"
"Tomas Nascimento";"20 anos"
"Tomas Pires";"18 anos"
"Valentina Almada";"32 anos"
"Valentina Melo";"35 anos"
"Vanessa Freitas";"24 anos"
"Vanessa Oliveira";"20 anos"
"Vanessa Sales";"29 anos"
"Vera Aragao";"22 anos"
"Vera Paula";"29 anos"
"Vera Silva";"32 anos"
"Vicente Campos";"42 anos"
"Vicente Nascimento";"18 anos"
"Victor Castro";"24 anos"
"Victor Porto";"48 anos"
"Vinicius Viana";"28 anos"
"Vitor Bernardes";"32 anos"
"Vitor Monteiro";"24 anos"
"Vitor Mota";"39 anos"
"Vitoria Dias";"33 anos"
"Vitoria Melo";"26 anos"
"Yago Conceicao";"32 anos"
"Yago Moura";"47 anos"
"Yago Ribeiro";"32 anos"
"Yago Rocha";"44 anos"
"Yago Rocha";"47 anos"
"Yago Sales";"20 anos"
"Yago Silva";"47 anos"
"Yasmin Aparicio";"42 anos"
"Yasmin Assis";"44 anos"
"Yasmin Bernardes";"22 anos"
"Yasmin Campos";"29 anos"
"Yasmin Costa";"48 anos"
"Yasmin Dias";"21 anos"
"Yasmin Drumond";"42 anos"
"Yasmin Novaes";"42 anos"
"Yuri Gomes";"32 anos"
"Yuri Lima";"23 anos"
"Yuri Santos";"23 anos"
"Yuri Santos";"34 anos"
"Yuri Santos";"42 anos"
